# dataset	selector	sizes	strategies	max_test	n_permutations	temperature	tag
# Primary run requested: HELOC, v3, 50 test samples, context-size sweep.
# One runnable row is one Slurm array task. Split by strategy for parallelism.
heloc	prob_ascent	512,1024,4096,10000	random_target	50	3	1e-9	heloc_v3_prob_50_ctx_random_target
heloc	prob_ascent	512,1024,4096,10000	random_both	50	3	1e-9	heloc_v3_prob_50_ctx_random_both
heloc	prob_ascent	512,1024,4096,10000	knn_target	50	3	1e-9	heloc_v3_prob_50_ctx_knn_target
heloc	prob_ascent	512,1024,4096,10000	knn_both	50	3	1e-9	heloc_v3_prob_50_ctx_knn_both

# Optional follow-ups. Uncomment only after the primary HELOC job looks sane.
# moons	prob_ascent	128,256,512,1024,2048	random_target	-1	3	1e-9	moons_v3_prob_full_ctx_random_target
# heloc	class_divergence	512,1024,4096,10000	random_both	50	3	1e-9	heloc_v3_div_50_ctx_random_both
