dataset,target_model,method,method_variant,backend,n_counterfactuals,seed_n,primary_coverage_mean,primary_coverage_std,primary_coverage_n,primary_validity_returned_class_mean,primary_validity_returned_class_std,primary_validity_returned_class_n,primary_validity_returned_threshold_mean,primary_validity_returned_threshold_std,primary_validity_returned_threshold_n,proximity_grouped_gower_mean,proximity_grouped_gower_std,proximity_grouped_gower_n,action_unit_sparsity_mean_mean,action_unit_sparsity_mean_std,action_unit_sparsity_mean_n
adult_census,retained_logistic_regression,countercontex,default,tabicl,1,5,1.0,0.0,5,1.0,0.0,5,0.016,0.0,5,0.09299931849045547,0.0,5,1.8720000000000003,2.482534153247273e-16,5
adult_census,retained_mlp,countercontex,default,tabicl,1,5,1.0,0.0,5,1.0,0.0,5,0.04,0.0,5,0.12565872223064714,0.0,5,2.22,0.0,5
adult_census,retained_xgboost,countercontex,default,tabicl,1,5,1.0,0.0,5,1.0,0.0,5,0.504,0.0,5,0.03625508151292532,0.0,5,1.152,0.0,5
adult_census,retained_logistic_regression,dice,default,,1,5,0.9751999999999998,0.0052153619241621235,5,1.0,0.0,5,0.18049998107752785,0.008789579379595744,5,0.15700914544953537,0.0017302209851958027,5,1.9318951431772973,0.015637208039864018,5
adult_census,retained_mlp,dice,default,,1,5,0.984,0.005656854249492385,5,1.0,0.0,5,0.11545005653652518,0.008926072376796003,5,0.1772237436386503,0.0007949191314638048,5,2.182937900108774,0.013605350556164691,5
adult_census,retained_xgboost,dice,default,,1,5,0.9928000000000001,0.0033466401061363056,5,1.0,0.0,5,0.13859078733636385,0.010761471784597174,5,0.14018058834796393,0.001274371857888857,5,1.8896223000923638,0.013335861462228602,5
adult_census,retained_logistic_regression,face,default,,1,5,1.0,0.0,5,1.0,0.0,5,0.292,0.0,5,0.13065796058819765,0.0,5,3.216,0.0,5
adult_census,retained_mlp,face,default,,1,5,1.0,0.0,5,1.0,0.0,5,0.272,0.0,5,0.1420465959379006,0.0,5,3.3600000000000003,4.965068306494546e-16,5
adult_census,retained_xgboost,face,default,,1,5,1.0,0.0,5,1.0,0.0,5,0.66,0.0,5,0.08910184321643001,0.0,5,2.7,0.0,5
adult_census,retained_logistic_regression,growing_spheres,default,,1,5,1.0,0.0,5,1.0,0.0,5,0.058399999999999994,0.01344618905117729,5,0.0810592348269721,0.0027588280646208673,5,1.3392,0.05516520642578976,5
adult_census,retained_mlp,growing_spheres,default,,1,5,1.0,0.0,5,1.0,0.0,5,0.07840000000000001,0.014859340496805372,5,0.09945470167168073,0.0017015582280047196,5,1.7184000000000001,0.02376552124402074,5
adult_census,retained_xgboost,growing_spheres,default,,1,5,1.0,0.0,5,1.0,0.0,5,0.2616,0.0072663608498339865,5,0.01581047383337934,0.0019432277422006326,5,0.5728000000000001,0.016589153082662157,5
adult_census,retained_logistic_regression,nice,default,,1,5,0.96,0.0,5,1.0,0.0,5,0.20833333333333334,0.0,5,0.0881328629387564,0.0,5,1.7875,0.0,5
adult_census,retained_mlp,nice,default,,1,5,0.9360000000000002,1.2412670766236366e-16,5,1.0,0.0,5,0.1581196581196581,0.0,5,0.10482102796188428,1.5515838457795457e-17,5,1.9273504273504272,2.482534153247273e-16,5
adult_census,retained_xgboost,nice,default,,1,5,0.992,0.0,5,1.0,0.0,5,0.5483870967741935,0.0,5,0.028408093218360873,3.878959614448864e-18,5,1.1048387096774193,0.0,5
adult_census,retained_logistic_regression,wachter,default,,1,5,0.9960000000000001,1.2412670766236366e-16,5,1.0,0.0,5,0.01606425702811245,0.0,5,0.10125668553460945,0.0,5,1.3052208835341366,0.0,5
adult_census,retained_mlp,wachter,default,,1,5,1.0,0.0,5,1.0,0.0,5,0.036,0.0,5,0.11070633952679032,0.0,5,1.48,0.0,5
adult_census,retained_xgboost,wachter,default,,1,5,0.9800000000000001,1.2412670766236366e-16,5,1.0,0.0,5,0.04081632653061224,0.0,5,0.10532842994997176,0.0,5,1.677551020408163,2.482534153247273e-16,5
bank_marketing,retained_logistic_regression,countercontex,default,tabicl,1,5,1.0,0.0,5,1.0,0.0,5,0.08,0.0,5,0.03999348774479392,0.0,5,1.4,0.0,5
bank_marketing,retained_mlp,countercontex,default,tabicl,1,5,1.0,0.0,5,1.0,0.0,5,0.02,0.0,5,0.019893895273389337,0.0,5,1.032,0.0,5
bank_marketing,retained_xgboost,countercontex,default,tabicl,1,5,1.0,0.0,5,1.0,0.0,5,0.004,0.0,5,0.023333501062321134,0.0,5,1.108,0.0,5
bank_marketing,retained_logistic_regression,dice,default,,1,5,0.9992000000000001,0.0017888543819998333,5,1.0,0.0,5,0.03442248995983936,0.004521359268410127,5,0.1361726028629519,0.001098528803031425,5,2.643752610441767,0.03204089981538694,5
bank_marketing,retained_mlp,dice,default,,1,5,1.0,0.0,5,1.0,0.0,5,0.1016,0.00876356092008266,5,0.1020372360411542,0.0006909578730177561,5,1.8272000000000002,0.0160996894379985,5
bank_marketing,retained_xgboost,dice,default,,1,5,1.0,0.0,5,1.0,0.0,5,0.013600000000000001,0.0021908902300206644,5,0.1085893304689127,0.0018820930454843626,5,2.0912000000000006,0.02142895237756622,5
bank_marketing,retained_logistic_regression,face,default,,1,5,1.0,0.0,5,1.0,0.0,5,0.384,0.0,5,0.08161010981958304,0.0,5,3.464,0.0,5
bank_marketing,retained_mlp,face,default,,1,5,1.0,0.0,5,1.0,0.0,5,0.11600000000000002,1.5515838457795457e-17,5,0.06609624684482755,0.0,5,3.112,0.0,5
bank_marketing,retained_xgboost,face,default,,1,5,1.0,0.0,5,1.0,0.0,5,0.076,0.0,5,0.07239346316870109,0.0,5,3.28,0.0,5
bank_marketing,retained_logistic_regression,growing_spheres,default,,1,5,1.0,0.0,5,1.0,0.0,5,0.07120000000000001,0.01245792920191795,5,0.07587815847974036,0.0012905061770176224,5,1.5824000000000003,0.023082460874005634,5
bank_marketing,retained_mlp,growing_spheres,default,,1,5,1.0,0.0,5,1.0,0.0,5,0.08800000000000001,0.016733200530681516,5,0.06306609894257889,0.0008322856205209197,5,1.1104000000000003,0.01824280680158616,5
bank_marketing,retained_xgboost,growing_spheres,default,,1,5,1.0,0.0,5,1.0,0.0,5,0.0056,0.004560701700396552,5,0.05602633468620201,0.001381949183894493,5,1.3544,0.021651789764358918,5
bank_marketing,retained_logistic_regression,nice,default,,1,5,1.0,0.0,5,1.0,0.0,5,0.336,0.0,5,0.033007638368884484,0.0,5,1.28,0.0,5
bank_marketing,retained_mlp,nice,default,,1,5,1.0,0.0,5,1.0,0.0,5,0.12,0.0,5,0.03495860139819899,0.0,5,1.328,0.0,5
bank_marketing,retained_xgboost,nice,default,,1,5,1.0,0.0,5,1.0,0.0,5,0.044,0.0,5,0.02781158136292449,0.0,5,1.32,0.0,5
bank_marketing,retained_logistic_regression,wachter,default,,1,5,1.0,0.0,5,1.0,0.0,5,0.004,0.0,5,0.06621629539977446,0.0,5,1.616,0.0,5
bank_marketing,retained_mlp,wachter,default,,1,5,0.9960000000000001,1.2412670766236366e-16,5,1.0,0.0,5,0.012048192771084338,0.0,5,0.03658557332300969,0.0,5,1.0923694779116466,0.0,5
bank_marketing,retained_xgboost,wachter,default,,1,5,1.0,0.0,5,1.0,0.0,5,0.004,0.0,5,0.03424952534556043,0.0,5,1.36,0.0,5
german_credit,retained_logistic_regression,countercontex,default,tabicl,1,5,1.0,0.0,5,1.0,0.0,5,0.0,0.0,5,0.056568866806134085,0.0,5,1.4083333333333334,0.0,5
german_credit,retained_mlp,countercontex,default,tabicl,1,5,1.0,0.0,5,1.0,0.0,5,0.0,0.0,5,0.06392315216736347,0.0,5,1.3083333333333333,0.0,5
german_credit,retained_xgboost,countercontex,default,tabicl,1,5,1.0,0.0,5,1.0,0.0,5,0.20833333333333334,0.0,5,0.029564222159084663,0.0,5,0.9,0.0,5
german_credit,retained_logistic_regression,dice,default,,1,5,0.9933333333333334,0.0069721668877839775,5,1.0,0.0,5,0.06206072259412239,0.011096677951646036,5,0.08121021234221484,0.001964815373554499,5,1.8708652613587808,0.025222691153805415,5
german_credit,retained_mlp,dice,default,,1,5,0.97,0.015138251770487441,5,1.0,0.0,5,0.0,0.0,5,0.09308370742251001,0.001941244536516035,5,1.8852292257768735,0.039035732931813005,5
german_credit,retained_xgboost,dice,default,,1,5,0.9983333333333334,0.0037267799624996364,5,1.0,0.0,5,0.19864145658263305,0.028916125260091092,5,0.058765713838741386,0.0025700502176624405,5,1.4072549019607843,0.06375131452610387,5
german_credit,retained_logistic_regression,face,default,,1,5,1.0,0.0,5,1.0,0.0,5,0.30833333333333335,0.0,5,0.21244407361847945,3.1031676915590914e-17,5,6.325,0.0,5
german_credit,retained_mlp,face,default,,1,5,1.0,0.0,5,1.0,0.0,5,0.0,0.0,5,0.22120112218383942,3.1031676915590914e-17,5,6.5,0.0,5
german_credit,retained_xgboost,face,default,,1,5,1.0,0.0,5,1.0,0.0,5,0.6916666666666667,0.0,5,0.20272905000617034,0.0,5,6.091666666666667,0.0,5
german_credit,retained_logistic_regression,growing_spheres,default,,1,5,1.0,0.0,5,1.0,0.0,5,0.04833333333333333,0.010865337342004415,5,0.07765820055622412,0.0013217401552995654,5,1.4733333333333334,0.04908892158341049,5
german_credit,retained_mlp,growing_spheres,default,,1,5,1.0,0.0,5,1.0,0.0,5,0.0,0.0,5,0.07334227521442829,0.00041263292153966046,5,1.335,0.010865337342004453,5
german_credit,retained_xgboost,growing_spheres,default,,1,5,1.0,0.0,5,1.0,0.0,5,0.15833333333333333,0.0338501600193165,5,0.04781687245023833,0.0008278924315142707,5,0.905,0.012638125740085875,5
german_credit,retained_logistic_regression,nice,default,,1,5,0.975,0.0,5,1.0,0.0,5,0.10256410256410256,0.0,5,0.08498016622398133,0.0,5,1.7863247863247864,0.0,5
german_credit,retained_mlp,nice,default,,1,5,0.9416666666666667,0.0,5,1.0,0.0,5,0.0,0.0,5,0.0873780420748479,0.0,5,1.6725663716814156,2.482534153247273e-16,5
german_credit,retained_xgboost,nice,default,,1,5,0.9916666666666668,1.2412670766236366e-16,5,1.0,0.0,5,0.2773109243697479,0.0,5,0.060332256531476024,0.0,5,1.6302521008403361,0.0,5
german_credit,retained_logistic_regression,wachter,default,,1,5,0.9916666666666668,1.2412670766236366e-16,5,1.0,0.0,5,0.0,0.0,5,0.05455109009521936,0.0,5,1.4285714285714286,0.0,5
german_credit,retained_mlp,wachter,default,,1,5,0.8416666666666666,1.2412670766236366e-16,5,1.0,0.0,5,0.0,0.0,5,0.06279591601719602,0.0,5,1.316831683168317,0.0,5
german_credit,retained_xgboost,wachter,default,,1,5,0.9916666666666668,1.2412670766236366e-16,5,1.0,0.0,5,0.15126050420168066,0.0,5,0.02511976004099751,0.0,5,0.8823529411764707,1.2412670766236366e-16,5
give_me_some_credit,retained_logistic_regression,countercontex,default,tabicl,1,5,1.0,0.0,5,1.0,0.0,5,0.244,0.0,5,0.08155294333873944,0.0,5,1.024,0.0,5
give_me_some_credit,retained_mlp,countercontex,default,tabicl,1,5,1.0,0.0,5,1.0,0.0,5,0.476,0.0,5,0.09195835844424989,0.0,5,1.072,0.0,5
give_me_some_credit,retained_xgboost,countercontex,default,tabicl,1,5,0.9960000000000001,1.2412670766236366e-16,5,1.0,0.0,5,0.05220883534136546,0.0,5,0.021805088457477247,0.0,5,0.25301204819277107,0.0,5
give_me_some_credit,retained_logistic_regression,dice,default,,1,5,0.9968,0.0033466401061363047,5,1.0,0.0,5,0.29294659930042755,0.018351045501588153,5,0.10419570435506187,0.0011817727989951183,5,1.0633963984972146,0.005852932049375397,5
give_me_some_credit,retained_mlp,dice,default,,1,5,0.9984,0.002190890230020666,5,1.0,0.0,5,0.29567550200803216,0.014905857809016855,5,0.10588073266121978,0.0008269152413033262,5,1.074528514056225,0.007395576386455705,5
give_me_some_credit,retained_xgboost,dice,default,,1,5,0.9984,0.002190890230020666,5,1.0,0.0,5,0.0849413654618474,0.010047281651410235,5,0.052490392326477064,0.0014530249505979808,5,0.5496674698795181,0.01793834306363098,5
give_me_some_credit,retained_logistic_regression,face,default,,1,5,1.0,0.0,5,1.0,0.0,5,0.012,0.0,5,0.06671498319597362,0.0,5,1.964,0.0,5
give_me_some_credit,retained_mlp,face,default,,1,5,1.0,0.0,5,1.0,0.0,5,0.10400000000000001,1.5515838457795457e-17,5,0.07812410225849152,0.0,5,2.004,0.0,5
give_me_some_credit,retained_xgboost,face,default,,1,5,1.0,0.0,5,1.0,0.0,5,0.312,0.0,5,0.02350393110037985,0.0,5,0.524,0.0,5
give_me_some_credit,retained_logistic_regression,growing_spheres,default,,1,5,1.0,0.0,5,1.0,0.0,5,0.3423999999999999,0.01971801207018597,5,0.09286401497795514,0.00039224192504645083,5,1.0,0.012328828005937964,5
give_me_some_credit,retained_mlp,growing_spheres,default,,1,5,1.0,0.0,5,1.0,0.0,5,0.40800000000000003,0.024657656011875903,5,0.10240524675834808,0.0007217349631503617,5,1.0984000000000003,0.009208691546577078,5
give_me_some_credit,retained_xgboost,growing_spheres,default,,1,5,0.9984,0.002190890230020666,5,1.0,0.0,5,0.03365140562248996,0.0035586118539570662,5,0.01653828966589678,0.0006672078024683951,5,0.21874698795180722,0.008197644034713607,5
give_me_some_credit,retained_logistic_regression,nice,default,,1,5,1.0,0.0,5,1.0,0.0,5,0.044,0.0,5,0.05295775656494668,7.757919228897728e-18,5,1.428,0.0,5
give_me_some_credit,retained_mlp,nice,default,,1,5,1.0,0.0,5,1.0,0.0,5,0.064,0.0,5,0.06947428934414046,0.0,5,1.8199999999999998,2.482534153247273e-16,5
give_me_some_credit,retained_xgboost,nice,default,,1,5,1.0,0.0,5,1.0,0.0,5,0.172,0.0,5,0.0165717480400003,0.0,5,0.252,0.0,5
give_me_some_credit,retained_logistic_regression,wachter,default,,1,5,0.9960000000000001,1.2412670766236366e-16,5,1.0,0.0,5,0.10441767068273092,0.0,5,0.08964326900671324,0.0,5,1.0321285140562249,0.0,5
give_me_some_credit,retained_mlp,wachter,default,,1,5,1.0,0.0,5,1.0,0.0,5,0.1,0.0,5,0.09821781306248423,0.0,5,1.048,0.0,5
give_me_some_credit,retained_xgboost,wachter,default,,1,5,1.0,0.0,5,1.0,0.0,5,0.04,0.0,5,0.01911984686661018,0.0,5,0.22800000000000004,3.1031676915590914e-17,5
heloc,retained_logistic_regression,countercontex,default,tabicl,1,5,0.9960000000000001,1.2412670766236366e-16,5,1.0,0.0,5,0.0,0.0,5,0.013243879321022656,1.939479807224432e-18,5,1.321285140562249,0.0,5
heloc,retained_mlp,countercontex,default,tabicl,1,5,0.992,0.0,5,1.0,0.0,5,0.0,0.0,5,0.024305680857156238,0.0,5,1.8427419354838712,2.482534153247273e-16,5
heloc,retained_xgboost,countercontex,default,tabicl,1,5,0.9640000000000001,1.2412670766236366e-16,5,1.0,0.0,5,0.0,0.0,5,0.016297607720281305,0.0,5,1.904564315352697,0.0,5
heloc,retained_logistic_regression,dice,default,,1,5,0.9120000000000001,0.010583005244258372,5,1.0,0.0,5,0.0,0.0,5,0.018030978509774295,8.043391387221291e-05,5,2.0560008011755686,0.01969135130761353,5
heloc,retained_mlp,dice,default,,1,5,0.9016,0.010430723848324247,5,1.0,0.0,5,0.0,0.0,5,0.02225605806865396,0.0004107123815424418,5,2.5293341384334562,0.08008053412545352,5
heloc,retained_xgboost,dice,default,,1,5,0.8736,0.013740451229854147,5,1.0,0.0,5,0.0,0.0,5,0.011217110377465849,0.0005512545893255213,5,1.6012294193449812,0.04335060620991846,5
heloc,retained_logistic_regression,face,default,,1,5,1.0,0.0,5,1.0,0.0,5,0.004,0.0,5,0.04308371932982751,0.0,5,6.836,0.0,5
heloc,retained_mlp,face,default,,1,5,1.0,0.0,5,1.0,0.0,5,0.004,0.0,5,0.04684424911309844,0.0,5,7.2,0.0,5
heloc,retained_xgboost,face,default,,1,5,1.0,0.0,5,1.0,0.0,5,0.04,0.0,5,0.041507715851068494,0.0,5,6.9079999999999995,9.930136612989092e-16,5
heloc,retained_logistic_regression,growing_spheres,default,,1,5,1.0,0.0,5,1.0,0.0,5,0.0,0.0,5,0.015914352040914757,0.00038972297724896345,5,2.3663999999999996,0.04387254266622808,5
heloc,retained_mlp,growing_spheres,default,,1,5,1.0,0.0,5,1.0,0.0,5,0.0,0.0,5,0.02326971194247949,0.00020922094401427848,5,3.2304000000000004,0.08239417455136,5
heloc,retained_xgboost,growing_spheres,default,,1,5,1.0,0.0,5,1.0,0.0,5,0.0032,0.001788854381999832,5,0.00828703649488072,8.498807875319421e-05,5,1.1792,0.02027806696901854,5
heloc,retained_logistic_regression,nice,default,,1,5,0.668,0.0,5,1.0,0.0,5,0.0,0.0,5,0.015436287158292756,1.939479807224432e-18,5,2.395209580838323,0.0,5
heloc,retained_mlp,nice,default,,1,5,0.52,0.0,5,1.0,0.0,5,0.0,0.0,5,0.01744554791269344,0.0,5,2.853846153846154,0.0,5
heloc,retained_xgboost,nice,default,,1,5,0.516,0.0,5,1.0,0.0,5,0.007751937984496124,0.0,5,0.010443772021072115,0.0,5,1.7829457364341086,0.0,5
heloc,retained_logistic_regression,wachter,default,,1,5,0.984,0.0,5,1.0,0.0,5,0.0,0.0,5,0.011966447195662581,0.0,5,1.1788617886178863,0.0,5
heloc,retained_mlp,wachter,default,,1,5,0.984,0.0,5,1.0,0.0,5,0.0,0.0,5,0.021455610202280127,0.0,5,1.556910569105691,0.0,5
heloc,retained_xgboost,wachter,default,,1,5,0.9879999999999999,1.2412670766236366e-16,5,1.0,0.0,5,0.0,0.0,5,0.009263487270059961,0.0,5,1.145748987854251,0.0,5
lending_club,retained_logistic_regression,countercontex,default,tabicl,1,5,1.0,0.0,5,1.0,0.0,5,0.252,0.0,5,0.10514903334504666,0.0,5,1.384,0.0,5
lending_club,retained_mlp,countercontex,default,tabicl,1,5,1.0,0.0,5,1.0,0.0,5,0.2,0.0,5,0.09656528144631792,0.0,5,1.168,0.0,5
lending_club,retained_xgboost,countercontex,default,tabicl,1,5,1.0,0.0,5,1.0,0.0,5,0.136,0.0,5,0.06640402780914738,0.0,5,0.828,0.0,5
lending_club,retained_logistic_regression,dice,default,,1,5,0.9872,0.004381780460041332,5,1.0,0.0,5,0.14749541043797534,0.004880445198129169,5,0.10817899548826622,0.0009549437711508101,5,1.5632244951481773,0.01248352950517798,5
lending_club,retained_mlp,dice,default,,1,5,0.9984,0.002190890230020666,5,1.0,0.0,5,0.15625060240963856,0.004022702946745894,5,0.09960468375898356,0.00039234712306314114,5,1.2491855421686746,0.009552712792944661,5
lending_club,retained_xgboost,dice,default,,1,5,0.9975999999999999,0.002190890230020666,5,1.0,0.0,5,0.18364337349397591,0.012548860458546968,5,0.07461398333898046,0.0011123099016295658,5,0.954281124497992,0.014675123036668299,5
lending_club,retained_logistic_regression,face,default,,1,5,1.0,0.0,5,1.0,0.0,5,0.152,0.0,5,0.16734705893427076,0.0,5,5.232,0.0,5
lending_club,retained_mlp,face,default,,1,5,1.0,0.0,5,1.0,0.0,5,0.092,0.0,5,0.165436208812203,0.0,5,5.052,0.0,5
lending_club,retained_xgboost,face,default,,1,5,1.0,0.0,5,1.0,0.0,5,0.02,0.0,5,0.1317904129806591,0.0,5,4.716,0.0,5
lending_club,retained_logistic_regression,growing_spheres,default,,1,5,1.0,0.0,5,1.0,0.0,5,0.2544,0.008294576541331096,5,0.09205345021153555,0.0007663102304873641,5,1.3152000000000001,0.030384206423732737,5
lending_club,retained_mlp,growing_spheres,default,,1,5,1.0,0.0,5,1.0,0.0,5,0.1936,0.0066932802122726,5,0.09587545221764326,0.00032206410168233123,5,1.1552,0.003346640106136305,5
lending_club,retained_xgboost,growing_spheres,default,,1,5,1.0,0.0,5,1.0,0.0,5,0.092,0.0028284271247461927,5,0.0585510266130609,0.0003596191972678291,5,0.6960000000000001,0.0040000000000000036,5
lending_club,retained_logistic_regression,nice,default,,1,5,1.0,0.0,5,1.0,0.0,5,0.21600000000000003,3.1031676915590914e-17,5,0.09765871960832766,0.0,5,1.572,0.0,5
lending_club,retained_mlp,nice,default,,1,5,1.0,0.0,5,1.0,0.0,5,0.16,0.0,5,0.09640831854724355,0.0,5,1.272,0.0,5
lending_club,retained_xgboost,nice,default,,1,5,1.0,0.0,5,1.0,0.0,5,0.10400000000000001,1.5515838457795457e-17,5,0.0662715448998559,0.0,5,1.128,0.0,5
lending_club,retained_logistic_regression,wachter,default,,1,5,1.0,0.0,5,1.0,0.0,5,0.148,0.0,5,0.07795622974795492,0.0,5,1.22,0.0,5
lending_club,retained_mlp,wachter,default,,1,5,0.9960000000000001,1.2412670766236366e-16,5,1.0,0.0,5,0.18875502008032127,0.0,5,0.08967226967844416,0.0,5,1.1526104417670682,0.0,5
lending_club,retained_xgboost,wachter,default,,1,5,1.0,0.0,5,1.0,0.0,5,0.172,0.0,5,0.06848179115280562,0.0,5,0.8800000000000001,1.2412670766236366e-16,5
